schema_version,student_id,created_at,question_id,question,answer,contexts,sources,status,error,elapsed_seconds
1.0,student_08,2026-09-30T13:26:06.343542+09:00,q0036,미국 콜로라도주 미술대회에서 AI가 만든 작품이 1등을 차지한 사례에서 발생한 문제의 원인과 그 의미를 설명하세요.,"미국 콜로라도주 미술대회에서 AI가 만든 작품이 1등을 차지한 사례에서 발생한 문제의 원인은 수상자인 제이슨 M. 앨런이 출품한 작품이 AI 프로그램인 '미드저니'를 통해 제작되었음에도 불구하고, 심사위원들이 이 사실을 모르고 1등상을 수여했기 때문입니다. 이로 인해 다른 예술가들은 앨런이 부정 행위를 했다고 반발하게 되었습니다. 앨런은 미드저니 사용 사실을 미리 고지했다고 주장했지만, 이 사건은 생성형 AI의 활용에 대한 법과 제도의 미비를 드러내는 사례로 여겨집니다. 

이 사건은 예술의 정의와 창작의 주체에 대한 논의를 촉발하며, AI가 예술 창작에 미치는 영향과 그에 따른 윤리적 문제를 제기하는 중요한 의미를 갖습니다.","[""33\n관련사례\n▶ \u0007美 미술 공모전서 AI가 그린 그림이 1등상 받아 논란 “예술의 죽음” vs “AI도 사람이 작동”(동아일보 \n2022. 9. 5.)\n미국의 한 미술 공모전에서 AI 프로그램으로 제작한 그림이 1등상을 받아 논란이 됨. 수상자인 앨런은 \n수상작 ‘스페이스 오페라 극장’이 “고전적 여자가 우주 헬멧을 쓴 모습에서 출발, 꿈에서 나올 법한 \n분위기를 연출하기 위해 약 80시간 동안 실험하는 복잡한 과정을 거쳤다”라고 설명하면서, 출품 당시 \n“(이미지 생성형 AI인) 미드저니를 활용했다”라고 밝힘. 하지만 일부 심사위원은 해당 그림이 AI로 제작된 \n것일지 몰랐을 정도로 정교해 충격을 줌.\n이에 대해 트위터를 비롯한 소셜미디어에서는 “로봇이 올림픽에 출전한 격”이라거나 “람보르기니를 타고 \n마라톤에 참가한 것”, “클릭 몇 번으로 만든 디지털 아트”, “상을 반납하고 공개 사과하라”라는 비난이 \n일기도 했음."", ""완성해 제출하는 것이 좋습니다. 또한 출처를 달아 생성형 AI를 답안 작성에 어떻게 활용했는지를 \n교수자가 알 수 있도록 하는 것이 바람직해요.\n대회 주최 측에서 미리 생성형 AI를 활용할 수 있는지 가이드라인을 제시했다면 이를 준수하고, 그렇지 \n않은 경우에는 대회 주최 측에 생성형 AI를 활용할 수 있는지 문의하는 것이 좋습니다. \n이 두 경우가 아니고 임의로 생성형 AI를 활용한 작품을 제출하는 것은 문제가 될 수 있어요. 일반적으로 \n공모전이나 경진대회는 참가자가 직접 만든 작품으로 대회가 진행되는 것이므로, 생성형 AI를 이용해서 \n만든 작품을 제출하면 부정행위와 대회 업무를 방해하는 행위에 해당될 우려가 있습니다.\n일반적으로 공모전이나 경진대회는 참가자가 직접 창작한 작품을 평가하는 \n것이니만큼, 생성형 AI를 이용해서 만든 작품을 제출하면 안 돼요. 자칫 부정행위가 \n될 수 있어요!"", ""마라톤에 참가한 것”, “클릭 몇 번으로 만든 디지털 아트”, “상을 반납하고 공개 사과하라”라는 비난이 \n일기도 했음.\n3  \u0007음악, 포스터, 수필 등 공모전이나 경진대회에 참여할 때 생성형 AI의 도움을 \n받으려고요. 이렇게 만든 작품을 제출해도 될까요? \n교수자가 미리 생성형 AI의 활용에 대한 가이드라인을 제시했다면 이를 준수하고, 그렇지 않은 경우에는 \n사전에 교수자에게 생성형 AI를 어디까지 활용할 수 있는지 질문하는 것이 좋습니다. 하지만 이 두 경우가 \n아니라면, 오픈북 시험이라고 해도 생성형 AI에서 얻은 답을 그대로 답안으로 제출하는 것은 바람직하지 \n않아요. \n학습자는 생성형 AI를 시험 답안을 도출하는 데 도구로 활용하고 최종 시험 답안은 학습자 본인이 직접 \n완성해 제출하는 것이 좋습니다. 또한 출처를 달아 생성형 AI를 답안 작성에 어떻게 활용했는지를 \n교수자가 알 수 있도록 하는 것이 바람직해요."", ""30\n책임성\n생성형 AI윤리 가이드북\nPART\n03\n생성형 AI가 만든 작품이 미술대회 1등? \n8)\n2022년 미국 콜로라도주의 한 미술 대회에서 ‘스페이스 오페라 극장(Théâtre D’opéra Spatial)’이란 작품이 \n우승을 차지했습니다. 그런데 수상자인 제이슨 M. 앨런은 수상의 영예를 누리는 대신 오히려 비난에 휩싸이고 \n말았어요. \n그 이유는 앨런이 출품한 작품이 AI가 만든 것임이 밝혀졌기 때문이었습니다. 앨런은 텍스트를 입력하면 \n그 내용을 그래픽으로 바꾸어 주는 이미지 생성형 AI 프로그램 ‘미드저니’를 사용했는데 이 사실을 모르는 \n심사위원들이 그에게 1등상을 주었죠. 이에 다른 예술가들은 앨런이 부정 행위를 했다며 크게 반발했어요.\n하지만 앨런은 자신은 작품을 출품하면서 미드저니 사용 사실을 미리 고지했다며 아무런 문제가 없다고 \n항변했습니다. 어떠한 대회 규정도 어기지 않았다고요. 결국 이 사례는 생성형 AI에 대한 법ㆍ제도 미비와""]","[{""page"": 13, ""content"": ""33\n관련사례\n▶ \u0007美 미술 공모전서 AI가 그린 그림이 1등상 받아 논란 “예술의 죽음” vs “AI도 사람이 작동”(동아일보 \n2022. 9. 5.)\n미국의 한 미술 공모전에서 AI 프로그램으로 제작한 그림이 1등상을 받아 논란이 됨. 수상자인 앨런은 \n수상작 ‘스페이스 오페라 극장’이 “고전적 여자가 우주 헬멧을 쓴 모습에서 출발, 꿈에서 나올 법한 \n분위기를 연출하기 위해 약 80시간 동안 실험하는 복잡한 과정을 거쳤다”라고 설명하면서, 출품 당시 \n“(이미지 생성형 AI인) 미드저니를 활용했다”라고 밝힘. 하지만 일부 심사위원은 해당 그림이 AI로 제작된 \n것일지 몰랐을 정도로 정교해 충격을 줌.\n이에 대해 트위터를 비롯한 소셜미디어에서는 “로봇이 올림픽에 출전한 격”이라거나 “람보르기니를 타고 \n마라톤에 참가한 것”, “클릭 몇 번으로 만든 디지털 아트”, “상을 반납하고 공개 사과하라”라는 비난이 \n일기도 했음.""}, {""page"": 13, ""content"": ""완성해 제출하는 것이 좋습니다. 또한 출처를 달아 생성형 AI를 답안 작성에 어떻게 활용했는지를 \n교수자가 알 수 있도록 하는 것이 바람직해요.\n대회 주최 측에서 미리 생성형 AI를 활용할 수 있는지 가이드라인을 제시했다면 이를 준수하고, 그렇지 \n않은 경우에는 대회 주최 측에 생성형 AI를 활용할 수 있는지 문의하는 것이 좋습니다. \n이 두 경우가 아니고 임의로 생성형 AI를 활용한 작품을 제출하는 것은 문제가 될 수 있어요. 일반적으로 \n공모전이나 경진대회는 참가자가 직접 만든 작품으로 대회가 진행되는 것이므로, 생성형 AI를 이용해서 \n만든 작품을 제출하면 부정행위와 대회 업무를 방해하는 행위에 해당될 우려가 있습니다.\n일반적으로 공모전이나 경진대회는 참가자가 직접 창작한 작품을 평가하는 \n것이니만큼, 생성형 AI를 이용해서 만든 작품을 제출하면 안 돼요. 자칫 부정행위가 \n될 수 있어요!""}, {""page"": 13, ""content"": ""마라톤에 참가한 것”, “클릭 몇 번으로 만든 디지털 아트”, “상을 반납하고 공개 사과하라”라는 비난이 \n일기도 했음.\n3  \u0007음악, 포스터, 수필 등 공모전이나 경진대회에 참여할 때 생성형 AI의 도움을 \n받으려고요. 이렇게 만든 작품을 제출해도 될까요? \n교수자가 미리 생성형 AI의 활용에 대한 가이드라인을 제시했다면 이를 준수하고, 그렇지 않은 경우에는 \n사전에 교수자에게 생성형 AI를 어디까지 활용할 수 있는지 질문하는 것이 좋습니다. 하지만 이 두 경우가 \n아니라면, 오픈북 시험이라고 해도 생성형 AI에서 얻은 답을 그대로 답안으로 제출하는 것은 바람직하지 \n않아요. \n학습자는 생성형 AI를 시험 답안을 도출하는 데 도구로 활용하고 최종 시험 답안은 학습자 본인이 직접 \n완성해 제출하는 것이 좋습니다. 또한 출처를 달아 생성형 AI를 답안 작성에 어떻게 활용했는지를 \n교수자가 알 수 있도록 하는 것이 바람직해요.""}, {""page"": 10, ""content"": ""30\n책임성\n생성형 AI윤리 가이드북\nPART\n03\n생성형 AI가 만든 작품이 미술대회 1등? \n8)\n2022년 미국 콜로라도주의 한 미술 대회에서 ‘스페이스 오페라 극장(Théâtre D’opéra Spatial)’이란 작품이 \n우승을 차지했습니다. 그런데 수상자인 제이슨 M. 앨런은 수상의 영예를 누리는 대신 오히려 비난에 휩싸이고 \n말았어요. \n그 이유는 앨런이 출품한 작품이 AI가 만든 것임이 밝혀졌기 때문이었습니다. 앨런은 텍스트를 입력하면 \n그 내용을 그래픽으로 바꾸어 주는 이미지 생성형 AI 프로그램 ‘미드저니’를 사용했는데 이 사실을 모르는 \n심사위원들이 그에게 1등상을 주었죠. 이에 다른 예술가들은 앨런이 부정 행위를 했다며 크게 반발했어요.\n하지만 앨런은 자신은 작품을 출품하면서 미드저니 사용 사실을 미리 고지했다며 아무런 문제가 없다고 \n항변했습니다. 어떠한 대회 규정도 어기지 않았다고요. 결국 이 사례는 생성형 AI에 대한 법ㆍ제도 미비와""}]",success,,4.097
1.0,student_08,2026-09-30T13:26:06.343542+09:00,q0054,생성형 AI 사용 시 개인정보 유출 위험과 이를 방지하기 위한 기업 및 개인의 윤리적 대응 방안을 비교하여 설명하세요.,"생성형 AI 사용 시 개인정보 유출 위험은 여러 가지가 있습니다. 사용자가 입력한 데이터가 해당 서비스 기업의 서버에 저장되고, AI의 학습에 재이용되면서 외부로 유출될 위험이 존재합니다. 특히, 사용자가 자신의 개인정보나 회사 기밀을 의도치 않게 누설할 수 있는 가능성도 있습니다. 이러한 위험은 실제로 챗GPT와 같은 서비스에서 대화 기록이 유출되는 사건으로 나타나기도 했습니다.

이를 방지하기 위한 기업 및 개인의 윤리적 대응 방안은 다음과 같습니다.

1. **기업의 대응 방안**:
   - **윤리적 설계**: 서비스 제공 기업은 생성형 AI의 이면을 냉철하게 진단하고, 윤리적으로 책임감 있게 기술을 설계해야 합니다. 이는 개인정보 보호를 위한 기술적 조치를 포함합니다.
   - **정책 제정**: 기업은 업무 특성을 고려한 생성형 AI 활용 방침을 제정하여 핵심 정보 유출 가능성을 차단하는 방법을 모색해야 합니다.
   - **교육 및 가이드라인 제공**: 기업 내 구성원들에게 생성형 AI의 위험에 대한 교육과 가이드라인을 제공하여 올바른 활용 방향을 알려야 합니다.

2. **개인의 대응 방안**:
   - **민감한 정보 입력 자제**: 개인은 개인정보나 회사 기밀 등 보안이 필요한 민감한 정보를 생성형 AI에 입력하지 않아야 합니다.
   - **정보 보호 인식**: 개인은 생성형 AI 사용 시 자신의 데이터가 어떻게 처리되는지에 대한 인식을 높이고, 필요한 경우 서비스의 개인정보 취급 정책을 확인해야 합니다.
   - **적극적인 피드백**: 개인은 생성형 AI 사용 중 발생하는 문제나 우려 사항에 대해 기업에 피드백을 제공하여 서비스 개선에 기여할 수 있습니다.

이러한 대응 방안을 통해 기업과 개인 모두가 생성형 AI의 이점을 누리면서도 개인정보 유출 위험을 최소화할 수 있습니다.","[""이러한 개인정보 침해, 정보 유출 등에 대한 우려로 일부 기업이나 공공기관 등은 생성형 AI 서비스 사용을 \n금지하거나 제한하고 있기도 합니다. 우리나라의 삼성전자, 포스코, SK하이닉스, LG디스플레이를를 비롯해 \nJP모건체이스, 뱅크오브아메리카, 시티그룹, 골드만삭스, 버라이즌 등 해외의 주요 기업들도 챗GPT와 같은 \n생성형 AI 챗봇의 사용을 제한했습니다.\n유익한 것은 취하고 유해한 것은 피하라!\n한편 최근 기업들은 생성형 AI 서비스를 무조건 제한하기보다 효과적으로 활용할 수 있는 방법들을 찾고 \n있어요. 업무 보조 기능 등 장점은 취하면서 핵심 정보 유출 가능성 등은 차단하기 위해 업무 특성을 고려한 \n생성형 AI 활용 방침을 제정하고 있습니다.\n또한 우리나라의 산업통상자원부 국가기술표준원은 ‘AI 윤리 점검 서식’에 대한 국가 표준(KS)을 제정, \n발표하기도 했습니다. 최근 생성형 AI의 사용 윤리 문제가 제기되고 있어 AI 기술을 활용한 제품이나 서비스"", ""52\n개인정보·인격권\n생성형 AI윤리 가이드북\nPART\n05\n생성형 AI는 당신이 지난 여름에 한 일을 알고 있다? \n17)\n생성형 AI는 기존에 나와 있는 데이터뿐 아니라 사용자와 대화를 나누면서 획득한 데이터 역시 새로 학습 \n자료로 추가하게 됩니다. 그런데 이 과정에서 사용자가 자신의 개인정보나 회사 등 조직의 기밀을 은연 중 \n누설할 수 있어 주의가 요구되고 있어요.\n \n생성형 AI는 다양한 방식으로 인터넷에 공개되는 대규모 데이터를 수집하면서 의도하지 않더라도 수많은 \n개인정보를 학습하게 됩니다. 그중 상당량은 사전 통지나 동의를 구하지 않은 것일 수 있고요. \n게다가 이러한 데이터는 외부로 유출될 위험도 존재합니다. 실제로 생성형 AI의 대표 격인 챗GPT에서 \n사용자와 AI가 나눈 대화 기록이 버그 발생으로 유출되면서 서비스가 일시 중단되는 일도 있었어요.\n이러한 개인정보 침해, 정보 유출 등에 대한 우려로 일부 기업이나 공공기관 등은 생성형 AI 서비스 사용을"", ""생성형 AI에 입력되는 내용들은 해당 서비스 기업 서버에 저장되고, AI의 학습에 \n재이용되는 등 외부 유출의 위험이 있어요. 따라서 개인정보나 회사 기밀 등 보안이 \n필요한 민감한 정보들은 생성형 AI에 입력하면 안 돼요!\n오픈AI의 챗GPT 개인 대화 내용 취급 정책"", ""12\n생성형 AI의 윤리적 활용을 위해 어떤 노력이 필요 할까요?\n생성형 AI를 잘 못 쓰면 역기능이 발생할 수 있다고 해서 생성형 AI의 사용을 제한하는 것은 좋은 해법이 \n아닙니다. 기술은 우리가 직접 하기 어려운 것을 도와주고, 시간을 절약해 주고, 더 나은 결과를 제시해 주는 등 \n이로운 점도 충분하기 때문입니다.\n생성형 AI를 긍정적으로 활용하기 위해서는 정부, 기업, 이용자 모두의 노력이 필요합니다. 서비스 제공 기업은 \n생성형 AI의 이면을 냉철하게 진단하고, 누구보다 윤리적으로 책임감 있게 기술을 설계해야 합니다. 정부도 \n모든 국민이 안전하게 인공지능을 활용할 수 있도록 이용자 보호를 위한 제도 보완 노력이 필요합니다. \n또한 학교, 기업 등은 구성원들에게 생성형 AI의 위험에 대한 교육, 가이드라인 등을 통해 생성형 AI의 기본 \n활용 방향, 사용할 때 지켜야 할 윤리 매뉴얼 등 “생성형 AI를 올바르게 잘 활용하는 방법”을 알려주고 공감대를""]","[{""page"": 20, ""content"": ""이러한 개인정보 침해, 정보 유출 등에 대한 우려로 일부 기업이나 공공기관 등은 생성형 AI 서비스 사용을 \n금지하거나 제한하고 있기도 합니다. 우리나라의 삼성전자, 포스코, SK하이닉스, LG디스플레이를를 비롯해 \nJP모건체이스, 뱅크오브아메리카, 시티그룹, 골드만삭스, 버라이즌 등 해외의 주요 기업들도 챗GPT와 같은 \n생성형 AI 챗봇의 사용을 제한했습니다.\n유익한 것은 취하고 유해한 것은 피하라!\n한편 최근 기업들은 생성형 AI 서비스를 무조건 제한하기보다 효과적으로 활용할 수 있는 방법들을 찾고 \n있어요. 업무 보조 기능 등 장점은 취하면서 핵심 정보 유출 가능성 등은 차단하기 위해 업무 특성을 고려한 \n생성형 AI 활용 방침을 제정하고 있습니다.\n또한 우리나라의 산업통상자원부 국가기술표준원은 ‘AI 윤리 점검 서식’에 대한 국가 표준(KS)을 제정, \n발표하기도 했습니다. 최근 생성형 AI의 사용 윤리 문제가 제기되고 있어 AI 기술을 활용한 제품이나 서비스""}, {""page"": 20, ""content"": ""52\n개인정보·인격권\n생성형 AI윤리 가이드북\nPART\n05\n생성형 AI는 당신이 지난 여름에 한 일을 알고 있다? \n17)\n생성형 AI는 기존에 나와 있는 데이터뿐 아니라 사용자와 대화를 나누면서 획득한 데이터 역시 새로 학습 \n자료로 추가하게 됩니다. 그런데 이 과정에서 사용자가 자신의 개인정보나 회사 등 조직의 기밀을 은연 중 \n누설할 수 있어 주의가 요구되고 있어요.\n \n생성형 AI는 다양한 방식으로 인터넷에 공개되는 대규모 데이터를 수집하면서 의도하지 않더라도 수많은 \n개인정보를 학습하게 됩니다. 그중 상당량은 사전 통지나 동의를 구하지 않은 것일 수 있고요. \n게다가 이러한 데이터는 외부로 유출될 위험도 존재합니다. 실제로 생성형 AI의 대표 격인 챗GPT에서 \n사용자와 AI가 나눈 대화 기록이 버그 발생으로 유출되면서 서비스가 일시 중단되는 일도 있었어요.\n이러한 개인정보 침해, 정보 유출 등에 대한 우려로 일부 기업이나 공공기관 등은 생성형 AI 서비스 사용을""}, {""page"": 23, ""content"": ""생성형 AI에 입력되는 내용들은 해당 서비스 기업 서버에 저장되고, AI의 학습에 \n재이용되는 등 외부 유출의 위험이 있어요. 따라서 개인정보나 회사 기밀 등 보안이 \n필요한 민감한 정보들은 생성형 AI에 입력하면 안 돼요!\n오픈AI의 챗GPT 개인 대화 내용 취급 정책""}, {""page"": 4, ""content"": ""12\n생성형 AI의 윤리적 활용을 위해 어떤 노력이 필요 할까요?\n생성형 AI를 잘 못 쓰면 역기능이 발생할 수 있다고 해서 생성형 AI의 사용을 제한하는 것은 좋은 해법이 \n아닙니다. 기술은 우리가 직접 하기 어려운 것을 도와주고, 시간을 절약해 주고, 더 나은 결과를 제시해 주는 등 \n이로운 점도 충분하기 때문입니다.\n생성형 AI를 긍정적으로 활용하기 위해서는 정부, 기업, 이용자 모두의 노력이 필요합니다. 서비스 제공 기업은 \n생성형 AI의 이면을 냉철하게 진단하고, 누구보다 윤리적으로 책임감 있게 기술을 설계해야 합니다. 정부도 \n모든 국민이 안전하게 인공지능을 활용할 수 있도록 이용자 보호를 위한 제도 보완 노력이 필요합니다. \n또한 학교, 기업 등은 구성원들에게 생성형 AI의 위험에 대한 교육, 가이드라인 등을 통해 생성형 AI의 기본 \n활용 방향, 사용할 때 지켜야 할 윤리 매뉴얼 등 “생성형 AI를 올바르게 잘 활용하는 방법”을 알려주고 공감대를""}]",success,,5.93
1.0,student_08,2026-09-30T13:26:06.343542+09:00,q0007,생성형 AI가 만들어 낸 콘텐츠가 현행 저작권법에서 보호받지 못하는 이유는 무엇인가요?,"생성형 AI가 만들어 낸 콘텐츠가 현행 저작권법에서 보호받지 못하는 이유는, 저작권법상 저작권이 인정되지 않기 때문입니다. 저작권법은 인간의 사상 또는 감정을 표현한 창작물을 저작물로 정의하고, 생성형 AI는 인간의 정신적 활동을 전제로 하지 않기 때문에 저작자로 인정받기 어렵습니다. 따라서 생성형 AI가 자동적으로 생성한 결과물은 저작권법의 보호 대상이 아닙니다.","[""생성형 AI가 만든 콘텐츠의 재사용도 법적으로 문제가 되나요?\n생성형 AI 작성 콘텐츠에는 현행 저작권법상 저작권이 인정되지 않기 때문에 콘텐츠 \n게시자가 저작권 위반을 주장하는 것은 타당하지 않아요. 그러나 생성형 AI가 학습한 \n원저작물에 대해서는 여전히 저작권 침해 문제가 제기될 수 있어요!\n단순히 생성형 AI 결과만으로 만든 콘텐츠는 저작권법의 보호 대상이 아니기 때문에 생성형 AI 작성물을 \n그대로 게시한 사람이 저작권을 주장하는 것은 법적으로 타당하지 않아요."", ""사유를 전제로 하는 것이고, 창작 역시 인간의 정신적 활동을 전제로 하는 것이다. (중략) 발명자의 \n지위는 원칙적으로 권리능력이 전제가 되어야 한다. (중략) 인공지능은 법령상 자연인과 법인 \n모두에 포섭되지 않으므로 현행 법령상으로 인공지능에게 권리능력을 인정할 수도 없다”라고 \n판시함(서울행정법원 2023. 6. 30. 선고 2022구합89524 판결).\n특허법상 권리 보호 대상이나 규정 형식은 저작권법과 유사하고, 법원의 위와 같은 해석 방법은 \n저작권법상 ‘창작’에도 그대로 적용될 수 있음. 따라서 생성형 AI를 ‘저작물을 창작한 자’, 즉 저작자로 \n인정하기는 어려워 보임.\n2  \u0007생성형 AI가 작성한 거라길래 재가공해도 괜찮을 것 같아서 다운받아 \n사용했어요. 그런데 콘텐츠 게시자가 저작권 위반이라고 항의를 해왔네요. \n생성형 AI가 만든 콘텐츠의 재사용도 법적으로 문제가 되나요?\n생성형 AI 작성 콘텐츠에는 현행 저작권법상 저작권이 인정되지 않기 때문에 콘텐츠"", ""자를 저작권자로 인정하기도 어려울 거예요.\n3) 김원오, ‘AI 자동 생성작품에 대한 저작권 부여 한계와 대안적 보호방법론’, 계간 저작권 142호(36권 2호), 2023\n4) ‘인공지능 창작물’, ‘인공지능 저작물’이라는 용어는 법적으로 정확한 용어가 아닐 수 있으므로 사용에 유의할 필요가 있음\n1  \u0007생성형 AI를 활용해 새로운 콘텐츠를 만들었어요!  \n그럼 저는 저작권을 가질 수 없는 건가요?\n생성형 AI가 자동적으로 생성한 음악이나 그림, 소설과 같은 결과물은 현행 \n저작권법의 보호 대상이 아니에요. 하지만 인간이 AI가 생성한 결과물에 창작적 \n표현을 추가했다면 그 기여 부분에 대해서는 저작권을 가질 수 있어요!\n1. ‘저작물’은 인간의 사상 또는 감정을 표현한 창작물을 말한다.\n2. ‘저작자’는 저작물을 창작한 자를 말한다.\n저작권법 제2조"", ""11\n생성형 AI의 역기능은 무엇인가요?\n최근 이슈가 되고 있는 생성형 AI의 역기능에 대해 살펴보겠습니다.\n생성형 AI는 수많은 데이터를 조합해 기존 콘텐츠를 바탕으로 결과물을 생성합니다. 그래서 생성형 AI가 기존 \n저작물을 바탕으로 만든 콘텐츠의 소유권이 누구에게 있는지 등 저작권에 대한 부분이 모호합니다. 생성형 \nAI가 만든 창작물의 저작권을 인정하느냐, 마느냐에 대한 법적 기준도 현재로서는 명확하지 않아 해외에서는 \n작가단체, 예술가 등의 소송이 빗발치고 있습니다. 생성형 AI가 제시한 결과물이 누군가의 노력이 담긴 \n지식재산권일 수 있다는 생각을 하며, 생성형 AI가 만든 창작물임을 밝히는 등 책임있는 활용이 중요합니다. \n저작권 문제 못지않게 개인정보 유출에 대한 우려도 생성형 AI의 역기능으로 지적되고 있습니다. 개인정보가 \n포함된 데이터를 학습한 후 여과 없이 노출되는 문제도 있을 수 있지만 가장 주의해야 하는 것은 내가 생성형""]","[{""page"": 7, ""content"": ""생성형 AI가 만든 콘텐츠의 재사용도 법적으로 문제가 되나요?\n생성형 AI 작성 콘텐츠에는 현행 저작권법상 저작권이 인정되지 않기 때문에 콘텐츠 \n게시자가 저작권 위반을 주장하는 것은 타당하지 않아요. 그러나 생성형 AI가 학습한 \n원저작물에 대해서는 여전히 저작권 침해 문제가 제기될 수 있어요!\n단순히 생성형 AI 결과만으로 만든 콘텐츠는 저작권법의 보호 대상이 아니기 때문에 생성형 AI 작성물을 \n그대로 게시한 사람이 저작권을 주장하는 것은 법적으로 타당하지 않아요.""}, {""page"": 7, ""content"": ""사유를 전제로 하는 것이고, 창작 역시 인간의 정신적 활동을 전제로 하는 것이다. (중략) 발명자의 \n지위는 원칙적으로 권리능력이 전제가 되어야 한다. (중략) 인공지능은 법령상 자연인과 법인 \n모두에 포섭되지 않으므로 현행 법령상으로 인공지능에게 권리능력을 인정할 수도 없다”라고 \n판시함(서울행정법원 2023. 6. 30. 선고 2022구합89524 판결).\n특허법상 권리 보호 대상이나 규정 형식은 저작권법과 유사하고, 법원의 위와 같은 해석 방법은 \n저작권법상 ‘창작’에도 그대로 적용될 수 있음. 따라서 생성형 AI를 ‘저작물을 창작한 자’, 즉 저작자로 \n인정하기는 어려워 보임.\n2  \u0007생성형 AI가 작성한 거라길래 재가공해도 괜찮을 것 같아서 다운받아 \n사용했어요. 그런데 콘텐츠 게시자가 저작권 위반이라고 항의를 해왔네요. \n생성형 AI가 만든 콘텐츠의 재사용도 법적으로 문제가 되나요?\n생성형 AI 작성 콘텐츠에는 현행 저작권법상 저작권이 인정되지 않기 때문에 콘텐츠""}, {""page"": 6, ""content"": ""자를 저작권자로 인정하기도 어려울 거예요.\n3) 김원오, ‘AI 자동 생성작품에 대한 저작권 부여 한계와 대안적 보호방법론’, 계간 저작권 142호(36권 2호), 2023\n4) ‘인공지능 창작물’, ‘인공지능 저작물’이라는 용어는 법적으로 정확한 용어가 아닐 수 있으므로 사용에 유의할 필요가 있음\n1  \u0007생성형 AI를 활용해 새로운 콘텐츠를 만들었어요!  \n그럼 저는 저작권을 가질 수 없는 건가요?\n생성형 AI가 자동적으로 생성한 음악이나 그림, 소설과 같은 결과물은 현행 \n저작권법의 보호 대상이 아니에요. 하지만 인간이 AI가 생성한 결과물에 창작적 \n표현을 추가했다면 그 기여 부분에 대해서는 저작권을 가질 수 있어요!\n1. ‘저작물’은 인간의 사상 또는 감정을 표현한 창작물을 말한다.\n2. ‘저작자’는 저작물을 창작한 자를 말한다.\n저작권법 제2조""}, {""page"": 3, ""content"": ""11\n생성형 AI의 역기능은 무엇인가요?\n최근 이슈가 되고 있는 생성형 AI의 역기능에 대해 살펴보겠습니다.\n생성형 AI는 수많은 데이터를 조합해 기존 콘텐츠를 바탕으로 결과물을 생성합니다. 그래서 생성형 AI가 기존 \n저작물을 바탕으로 만든 콘텐츠의 소유권이 누구에게 있는지 등 저작권에 대한 부분이 모호합니다. 생성형 \nAI가 만든 창작물의 저작권을 인정하느냐, 마느냐에 대한 법적 기준도 현재로서는 명확하지 않아 해외에서는 \n작가단체, 예술가 등의 소송이 빗발치고 있습니다. 생성형 AI가 제시한 결과물이 누군가의 노력이 담긴 \n지식재산권일 수 있다는 생각을 하며, 생성형 AI가 만든 창작물임을 밝히는 등 책임있는 활용이 중요합니다. \n저작권 문제 못지않게 개인정보 유출에 대한 우려도 생성형 AI의 역기능으로 지적되고 있습니다. 개인정보가 \n포함된 데이터를 학습한 후 여과 없이 노출되는 문제도 있을 수 있지만 가장 주의해야 하는 것은 내가 생성형""}]",success,,1.874
