student_id,question_id,difficulty,type,question,reference,answer,contexts_count,latency_seconds,context_precision,faithfulness,answer_relevancy,ragas_score
student_08,q0036,중,설명,미국 콜로라도주 미술대회에서 AI가 만든 작품이 1등을 차지한 사례에서 발생한 문제의 원인과 그 의미를 설명하세요.,"이 사례는 생성형 AI에 대한 법·제도 미비와 사용자들의 책임의식 미정립 때문에 발생했다. AI가 만든 작품임을 고지하지 않아 심사위원들이 AI 작품인 것을 모르고 수상했으며, 이에 예술가들이 부정 행위로 반발했다.","미국 콜로라도주 미술대회에서 AI가 만든 작품이 1등을 차지한 사례에서 발생한 문제의 원인은 수상자인 제이슨 M. 앨런이 출품한 작품이 AI 프로그램인 '미드저니'를 통해 제작되었음에도 불구하고, 심사위원들이 이 사실을 모르고 1등상을 수여했기 때문입니다. 이로 인해 다른 예술가들은 앨런이 부정 행위를 했다고 반발하게 되었습니다. 앨런은 미드저니 사용 사실을 미리 고지했다고 주장했지만, 이 사건은 생성형 AI의 활용에 대한 법과 제도의 미비를 드러내는 사례로 여겨집니다. 

이 사건은 예술의 정의와 창작의 주체에 대한 논의를 촉발하며, AI가 예술 창작에 미치는 영향과 그에 따른 윤리적 문제를 제기하는 중요한 의미를 갖습니다.",4,4.097,0.6388888888675925,0.6666666666666666,0.5012167599489833,60.87
student_08,q0054,상,비교추론,생성형 AI 사용 시 개인정보 유출 위험과 이를 방지하기 위한 기업 및 개인의 윤리적 대응 방안을 비교하여 설명하세요.,"생성형 AI는 사용자 대화 내용과 인터넷 공개 데이터를 학습하며 개인정보가 무단으로 수집·유출될 위험이 있습니다. 기업은 사용 제한과 업무 특성에 맞는 활용 방침을 마련하고, 개인은 개인정보 입력을 자제하며 AI 윤리 점검 서식 등 가이드라인을 준수해야 합니다.","생성형 AI 사용 시 개인정보 유출 위험은 여러 가지가 있습니다. 사용자가 입력한 데이터가 해당 서비스 기업의 서버에 저장되고, AI의 학습에 재이용되면서 외부로 유출될 위험이 존재합니다. 특히, 사용자가 자신의 개인정보나 회사 기밀을 의도치 않게 누설할 수 있는 가능성도 있습니다. 이러한 위험은 실제로 챗GPT와 같은 서비스에서 대화 기록이 유출되는 사건으로 나타나기도 했습니다.

이를 방지하기 위한 기업 및 개인의 윤리적 대응 방안은 다음과 같습니다.

1. **기업의 대응 방안**:
   - **윤리적 설계**: 서비스 제공 기업은 생성형 AI의 이면을 냉철하게 진단하고, 윤리적으로 책임감 있게 기술을 설계해야 합니다. 이는 개인정보 보호를 위한 기술적 조치를 포함합니다.
   - **정책 제정**: 기업은 업무 특성을 고려한 생성형 AI 활용 방침을 제정하여 핵심 정보 유출 가능성을 차단하는 방법을 모색해야 합니다.
   - **교육 및 가이드라인 제공**: 기업 내 구성원들에게 생성형 AI의 위험에 대한 교육과 가이드라인을 제공하여 올바른 활용 방향을 알려야 합니다.

2. **개인의 대응 방안**:
   - **민감한 정보 입력 자제**: 개인은 개인정보나 회사 기밀 등 보안이 필요한 민감한 정보를 생성형 AI에 입력하지 않아야 합니다.
   - **정보 보호 인식**: 개인은 생성형 AI 사용 시 자신의 데이터가 어떻게 처리되는지에 대한 인식을 높이고, 필요한 경우 서비스의 개인정보 취급 정책을 확인해야 합니다.
   - **적극적인 피드백**: 개인은 생성형 AI 사용 중 발생하는 문제나 우려 사항에 대해 기업에 피드백을 제공하여 서비스 개선에 기여할 수 있습니다.

이러한 대응 방안을 통해 기업과 개인 모두가 생성형 AI의 이점을 누리면서도 개인정보 유출 위험을 최소화할 수 있습니다.",4,5.93,0.9999999999666667,0.782608695652174,0.604028327163866,79.43
student_08,q0007,하,설명,생성형 AI가 만들어 낸 콘텐츠가 현행 저작권법에서 보호받지 못하는 이유는 무엇인가요?,"현행 저작권법은 인간의 창작물만을 저작물로 인정하며, AI는 정신적 활동이 불가능해 창작성 인정이 어렵기 때문에 생성형 AI가 만든 결과물은 보호 대상이 아닙니다.","생성형 AI가 만들어 낸 콘텐츠가 현행 저작권법에서 보호받지 못하는 이유는, 저작권법상 저작권이 인정되지 않기 때문입니다. 저작권법은 인간의 사상 또는 감정을 표현한 창작물을 저작물로 정의하고, 생성형 AI는 인간의 정신적 활동을 전제로 하지 않기 때문에 저작자로 인정받기 어렵습니다. 따라서 생성형 AI가 자동적으로 생성한 결과물은 저작권법의 보호 대상이 아닙니다.",4,1.874,0.999999999975,1.0,0.5822882983685449,87.47
